NSE,RMSE,MAE,KGE,quantile_coverage_80,split,n_windows
0.6230285550584185,1627.407329878455,1099.0058314228058,0.628022310293118,0.666,val,100
