NSE,RMSE,MAE,KGE,quantile_coverage_80,split,n_windows
0.6652766943705626,1534.9459144664283,1117.8881914715766,0.538895634318177,0.63,test,100
